1,Region 5,BTS Parque Huayamilpas -  RB Pacifico,CARRASCO,carranza
51,Region 1,RB  El Aguila - BTS Ca絪n K,R1- OTAY - T,
25,Region 6,ACROPOLIS - REPUBLICA,LEON,
158,Region 9,Alameda 2000 - Seminario,TOLLOCAN,
33,Region 7,Axotla - Tlaxcala Centro,PUEBLA - TLAXCALA,
62,Region 6,BOLA헲S - PIE DE LA CUESTA,QUERETARO,
17,Region 6,BST POTRANCA - RB VICTOR ROSALES,AGUASCALIENTES,
3,Region 6,BST SANTA CECILIA- RB DELICIAS,ENLACE,
24,Region 8,BTS  Rio Nuevo - RB Ilusiones,VILLAHERMOSA,
19,Region 7,BTS 20 de Noviembre - RB El Tejar,VERACRUZ,
5,Region 9,BTS 3 de Mayo - RB Ampliacion L. Cardenas,CIVAC,
71,Region 9,BTS 7 de Noviembre - BTS Misterios,MALINCHE,
63,Region 1,BTS Abasolo - RB Mexicali Industrial,MEXICALI,
34,Region 5,BTS Agua Blanca - MSC Uruapan,URUAPAN,
72,Region 2,BTS Agua Verde - RB Escuinapa,MAZATLAN,
53,Region 3,BTS Aguila Nacional - RB Boulevard,TORREON,
45,Region 9,BTS Alameda Tacubaya - RB Av. Revolucion Calle 6,URRAZA,
42,Region 9,BTS Alamos II - BTS Jardin Rejon,PORTALES,
89,Region 9,BTS Alcantarilla - RB Pachuca Doctores,REVOLUCION,
105,Region 9,BTS Alce Blanco - San Bartolo (TELMEX),NEXTENGO,
13,Region 4,BTS Alfa - BTS Alianza,ZONA AN첻UAC,
11,Region 4,BTS Alianza GSM - RB Lincoln,ZONA AN첻UAC,
30,Region 3,BTS Almada - RB Dale,CHIHUAHUA,
103,Region 1,BTS Almejas - RB Cangrejos,LA PAZ,
148,Region 9,BTS Almoloya de Juarez - BTS Mina M峰ico,TOLLOCAN,
160,Region 9,BTS Almoloya del Rio - RB Coatipac,TOLLOCAN,
7,Region 9,BTS Altavista Cuernavaca -  RB Club de Golf Cuernavaca,CIVAC,
76,Region 1,BTS Ambar - BTS Moctezuma,ENSENADA,
52,Region 9,BTS Amecameca Centro - BTS San Pedro Nexapa,XOCHIMILCO,
169,Region 9,BTS Amecameca Centro - San Pedro Nexapa,XOCHIMILCO,
14,Region 9,BTS Ampliacion Bugambilias - Mirador,CIVAC,
18,Region 9,BTS Ampliacion Chapultepec - RB Civac,CIVAC,
17,Region 9,BTS Ampliacion Porvenir - Civac,CIVAC,
36,Region 9,BTS Ampliacion Sinatel - BTS Tetepilco,PORTALES,
107,Region 9,BTS Angel Zimbron - Claveria,NEXTENGO,
23,Region 4,BTS Anillo Periferico - RB Pueblo Nuevo,ZONA GUADALUPE,
103,Region 9,BTS Aquiles Serdan - RB Tezozomoc,NEXTENGO,
13,Region 1,BTS Arena - RB Rio II,LOMAS,
9,Region 7,BTS Arias - BTS Palma Sola,VERACRUZ,
55,Region 3,BTS Arista - RB R Mendez,TORREON,
67,Region 5,BTS Artesanos - RB Huentit烱,TLAQUEPAQUE - BANDERAS,
10,Region 1,BTS Aurora - RB Cumbre de Juarez,LOMAS,
106,Region 5,BTS Av Proyecto - RB Mololoa,VALLARTA - NAYARIT,
94,Region 6,BTS AZALEA - BTS LA RAZA,SAN LUIS POTOSI,
45,Region 2,BTS Bacum - BTS Providencia,OBREGON,
42,Region 1,BTS Bajamaq - BTS Guaycura,R1- OTAY - T,
79,Region 7,BTS Bajos del Ejido - Rb Pie de la Cuesta,GUERRERO,
67,Region 7,BTS Balcones del Sur - RB Loma Bella,PUEBLA - TLAXCALA,
56,Region 2,BTS Bamoa - RB Sinaloa de Leyva,CULIACAN,
32,Region 6,BTS BARCELONA - BTS SAN JUAN DE DIOS,LEON,
101,Region 9,BTS Barrio Coltongo - RB Parque Ceylan,NEXTENGO,
98,Region 9,BTS Barrio San Marcos - BTS Reynosa,NEXTENGO,
6,Region 9,BTS Benito Juarez -  RB Lomas de Cuernavaca,CIVAC,
70,Region 2,BTS Bonfil - RB Recodo,MAZATLAN,
30,Region 6,BTS BOSCO - RB SANTA RITA,LEON,
137,Region 9,BTS Bosque Real - RB Bosques de la Herradura,TK II,
67,Region 1,BTS Bosques - BTS Aviacion,MEXICALI,
38,Region 7,BTS Buenaventura -  BTS Covadonga,PUEBLA - TLAXCALA,
7,Region 5,BTS Bugambilias - RB El Sol,FUENTES - VALLARTA,
17,Region 4,BTS Bustamante - RB Villaldama,ZONA AN첻UAC,
70,Region 6,BTS CABA헤 - RB AMEALCO,QUERETARO,
6,Region 8,BTS Cabo Catoche - RB Constructora,CANCUN,
99,Region 1,BTS Cabo Wabo - RB Cangrejos,LA PAZ,
15,Region 8,BTS CAC Merida V - BTS Las Aguilas,MRIDA,
131,Region 9,BTS Cacalote - RB Los Fresnos,TK II,
33,Region 5,BTS Cajon del Vergel - MSC Uruapan,URUAPAN,
78,Region 7,BTS Caletilla - RB La Mira,GUERRERO,
28,Region 7,BTS Calinda Tlaxcala - RB Apizaco,PUEBLA - TLAXCALA,
94,Region 4,BTS Camacho - BTS La Esperanza,ZONA REYNOSA,
54,Region 6,BTS CAMELINAS - RB OLIVOS,QUERETARO,
16,Region 9,BTS Camino a Jiutepec - BTS Sumiya,CIVAC,
2,Region 4,BTS Camino Real - RB La Siembra,ZONA AN첻UAC,
79,Region 9,BTS Campestre Guadalupana - RB Jardines de Guadalupe,MALINCHE,
57,Region 2,BTS Campo 35 - RB Ca人,CULIACAN,
46,Region 2,BTS Campo 60 - BTS Bacum,OBREGON,
68,Region 1,BTS Canal - BTS Bosques,MEXICALI,
44,Region 2,BTS Canal Bajo - BTS La Salle,OBREGON,
108,Region 9,BTS Ca寅to - BTS Angel Zimbron,NEXTENGO,
1,Region 1,BTS Ca絪n del Sol - RB Soler,LOMAS,
50,Region 1,BTS Ca絪n K - RB Buenos Aires,R1- OTAY - T,
37,Region 1,BTS Capistrano - RB Seminario,R1- OTAY - T,
87,Region 6,BTS CAPRICORNIO - RB LAGO,SAN LUIS POTOSI,
83,Region 9,BTS Caracol - RB Cuchilla Pantitlan,NEZA,
67,Region 6,BTS CARAMBADA - RB MODELO,QUERETARO,
31,Region 2,BTS Carbo - BTS La Colmena,HERMOSILLO,
14,Region 6,BTS CARBONO - RB PRIMAVERA,AGUASCALIENTES,
18,Region 5,BTS Carranza - BTS Caseta Cuyutlan,COLIMA,
68,Region 2,BTS Casa Blanca - BTS Las Conchas,MAZATLAN,
51,Region 7,BTS Casa Blanca - RB Chachapa,PUEBLA - TLAXCALA,
57,Region 3,BTS Caseta - RB Cruzero,DURANGO,
34,Region 3,BTS Castillo  - BTS Robinson,CHIHUAHUA,
93,Region 4,BTS Cedros - BTS La Esperanza,ZONA REYNOSA,
71,Region 5,BTS Cementera - RB Parque Liberacion,TLAQUEPAQUE - BANDERAS,
33,Region 6,BTS CENTENARIO - RB SANTA CLARA,LEON,
37,Region 9,BTS Centeno - BTS Juventino Rosas,PORTALES,
65,Region 2,BTS Central - RB Recodo,MAZATLAN,
35,Region 1,BTS Central Camionera - BTS Unidad Deportiva,R1- OTAY - T,
34,Region 6,BTS CENTRAL DE ABASTOS - RB SANTA CLARA,LEON,
61,Region 1,BTS Centro de Gobierno - BTS Esperanza,MEXICALI,
39,Region 9,BTS Centro Medico - BTS Chabacano Asturias,PORTALES,
92,Region 9,BTS Cerro Las Brujas - Unidad Minera,REVOLUCION,
145,Region 9,BTS Cipres - BTS Toluca Universidad,TOLLOCAN,
60,Region 9,BTS Ciudad Cuauhtemoc - RB Jardines de Morelos,ECATEPEC,
126,Region 9,BTS Clara Cordoba - BTS Villa De las Palmas,CUAUTITLAN,
3,Region 1,BTS Club 20 30 - RB Fco. Villa,LOMAS,
27,Region 3,BTS Club Campestre - RB Antonio Montes,CHIHUAHUA,
7,Region 8,BTS Coapan - RB Heroes,CANCUN,
36,Region 2,BTS Cocorit - RB Cajeme,OBREGON,
162,Region 9,BTS Coecillo - RB Exhacienda del Carmen,TOLLOCAN,
55,Region 4,BTS Cola de Caballo GSM - RB Santiago,ZONA SAN PEDRO,
12,Region 8,BTS Colonia Yucat烱 - BTS Tanlum,MRIDA,
12,Region 5,BTS Comala - RB Colima Dos,COLIMA,
57,Region 1,BTS Compuertas - BTS Las Hadas,MEXICALI,
37,Region 2,BTS Constitucion (Bravo) - RB Valle,OBREGON,
39,Region 3,BTS Contabilidad - RB Nogales,CHIHUAHUA,
19,Region 5,BTS Coquimatlan - BTS Los Mezquites,COLIMA,
2,Region 8,BTS Corales - RB Huaxactun,CANCUN,
7,Region 3,BTS Corona - RB Gasera,JUAREZ,
40,Region 7,BTS Covadonga - Jeronimo Caleras,PUEBLA - TLAXCALA,
17,Region 5,BTS Coyol - RB Geovillas,VERACRUZ,
49,Region 4,BTS Cristales - BTS El Uro,ZONA SAN PEDRO,
50,Region 3,BTS Cuauhtemoc - RB Estadio,TORREON,
22,Region 9,BTS Cuauhtemoc Cuernavaca - RB Las Delicias,CIVAC,
8,Region 1,BTS Cumbre de Juarez - Fundadores,LOMAS,
93,Region 1,BTS Cumbres de la Presa - RB Indeco Lomitas,ENSENADA,
32,Region 2,BTS Cumpas - RB Moctezuma,HERMOSILLO,
55,Region 6,BTS CURIE - BTS CAMELINAS,QUERETARO,
41,Region 9,BTS Chabacano - RB La Viga,PORTALES,
66,Region 6,BTS CHABACANO - RB REFORMA,QUERETARO,
85,Region 1,BTS Chapul暗 - BTS Lindavista,ENSENADA,
33,Region 3,BTS Chapultepec - BTS Gloria,CHIHUAHUA,
13,Region 9,BTS Chapultepec Cuernavaca - Mirador,CIVAC,
36,Region 1,BTS Chilpancingo - BTS Rancho Escondido,R1- OTAY - T,
6,Region 1,BTS Chopo - BTS Monte San Antonio,LOMAS,
23,Region 3,BTS De las Industrias - RB Dostoyevski,CHIHUAHUA,
9,Region 4,BTS Del Acero - RB Flores Magon,ZONA AN첻UAC,
69,Region 9,BTS Deportivo 18 de Marzo - RB Industrial,MALINCHE,
77,Region 5,BTS Destiladeras - BTS Jarretaderas,VALLARTA - NAYARIT,
89,Region 1,BTS Diamante - RB Bahia,ENSENADA,
10,Region 3,BTS Dorado - BTS Los PinosFosas,JUAREZ,
11,Region 9,BTS Dos Arbolitos - RB La Palapa,CIVAC,
29,Region 3,BTS Dostoyevski - BTS Aniversario,CHIHUAHUA,
105,Region 5,BTS Dr Mat眼s - RB El Para押o,VALLARTA - NAYARIT,
43,Region 6,BTS DURANES - RB TRINIDAD,LEON,
32,Region 9,BTS Eje Central Doctores - RB Hospital General,PORTALES,
81,Region 1,BTS Ejido Chapultepec - RB Cipres,ENSENADA,
113,Region 9,BTS Ejido de San Juan Ixtacala - RB Reclusorio Norte,NEXTENGO,
20,Region 1,BTS Ejido Mazatl烱 - RB Rosarito,LOMAS,
22,Region 7,BTS El Arenal - RB Banderillas,XALAPA,
63,Region 4,BTS El Arenal - RB Nuevo Amanecer,ZONA TAMPICO,
59,Region 4,BTS El Caiman - RB Pedro Mendez,ZONA TAMPICO,
82,Region 1,BTS El Cipres - RB Valle Dorado,ENSENADA,
52,Region 1,BTS El Condor - RB Rumorosa,R1- OTAY - T,
85,Region 4,BTS El Esfuerzo - RB Presidente Cardenas,ZONA REYNOSA,
74,Region 4,BTS El Fenix - RB Mazuka,ZONA LAREDO,
40,Region 5,BTS El Lago - BTS El Realito,MORELIA,
58,Region 2,BTS El Molino - RB Campo,CULIACAN,
99,Region 5,BTS El Paraiso - BTS Valle Dorado,VALLARTA - NAYARIT,
42,Region 4,BTS El Paraiso GSM - RB Bugambilias,ZONA SAN PEDRO,
2,Region 9,BTS El Pino -  RB Los Reyes La Paz,CARRASCO,
110,Region 9,BTS El Rosario - BTS Parque Tezozomoc,NEXTENGO,
62,Region 2,BTS El Siete - RB Madero,MAZATLAN,
34,Region 4,BTS El Trueno - BTS Los Laureles,ZONA SAN PEDRO,
48,Region 4,BTS El Uro - RB Cavazos,ZONA SAN PEDRO,
96,Region 9,BTS El Venado - RB El Desmonte,REVOLUCION,
83,Region 1,BTS Emiliano Zapata - RB Piedras Negras,ENSENADA,
22,Region 2,BTS Entronque - RB La Victoria,HERMOSILLO,
90,Region 1,BTS Epoca - BTS Diamante,ENSENADA,
11,Region 7,BTS Equipamiento - RB Inst. Tecnologico,VERACRUZ,
28,Region 4,BTS Escorpion GSM - RB Villa Juarez,ZONA GUADALUPE,
81,Region 9,BTS Escuadron 201 - RB Magdalena Atlapazolpa,NEZA,
89,Region 6,BTS ESTADIO - MSC ALAMEDA,SAN LUIS POTOSI,
21,Region 2,BTS Estadio - RB Choyal,HERMOSILLO,
62,Region 7,BTS Estadio Cuauhtemoc- RB Amalucan,PUEBLA - TLAXCALA,
41,Region 5,BTS Esther Tapia - RB  Infonavit,MORELIA,
40,Region 6,BTS ESTRELLA - BTS LEON MODERNO,LEON,
48,Region 2,BTS Evora - RB La Gloria,CULIACAN,
56,Region 6,BTS FARALLON - BTS GARAMBULLO,QUERETARO,
93,Region 9,BTS Felipe Angeles - RB Pachuca Maestranza,REVOLUCION,
99,Region 9,BTS Ferrocarriles Nacionales - BTS Barrio San Marcos,NEXTENGO,
87,Region 9,BTS FES Zaragoza - RB El Eden,NEZA,
25,Region 1,BTS Festival Plaza - RB Quintas del Mar,LOMAS,
49,Region 2,BTS Fiesta - RB Rio,CULIACAN,
4,Region 7,BTS Figueroa - BTS Ixcotel,OAXACA,
9,Region 2,BTS Fiscal - BTS El Cerro,NOGALES,
45,Region 3,BTS Florencia - RB Independencia,TORREON,
58,Region 3,BTS Forestal - RB Comision,DURANGO,
23,Region 7,BTS Formosa - BTS Madero,XALAPA,
138,Region 9,BTS Fracc. Hda. De las Palmas - RB Noche Buena,TK II,
61,Region 6,BTS FUENTES - RB PIE DE LA CUESTA,QUERETARO,
26,Region 2,BTS Galeana - MSC Hermosillo,HERMOSILLO,
142,Region 9,BTS Galerias Metepec - RB Metepec Centro,TOLLOCAN,
16,Region 2,BTS Ganaderos - RB Altares,HERMOSILLO,
42,Region 6,BTS GLADIOLA - RB PUNTO VERDE,LEON,
66,Region 5,BTS G藻ez Mor暗 - BTS Colonia Jalisco,TLAQUEPAQUE - BANDERAS,
95,Region 1,BTS G藻ez Morin - BTS San Angel,ENSENADA,
26,Region 4,BTS Gran Breta人 - RB Emiliano Zapata,ZONA GUADALUPE,
55,Region 2,BTS Guasavito - RB Guasave,CULIACAN,
8,Region 7,BTS Heroica Veracruz - RB Rio Medio,VERACRUZ,
80,Region 6,BTS HIMALAYA - MORELOS,SAN LUIS POTOSI,
51,Region 4,BTS Hipico - MC Muguerza Valle Alto,ZONA SAN PEDRO,
5,Region 8,BTS Hotel Jerusalem - RB La Costa,CANCUN,
47,Region 3,BTS Huelguistas - RB Fuentes,TORREON,
19,Region 2,BTS Huerta - BTS Olivos,HERMOSILLO,
25,Region 9,BTS Huitzilac - BTS Santa Maria Ahuacatitlan,CIVAC,
42,Region 7,BTS Hylsa - RB Xoxtla,PUEBLA - TLAXCALA,
38,Region 1,BTS Hyson - RB Seminario,R1- OTAY - T,
127,Region 9,BTS Independencia - RB Bello Horizonte,CUAUTITLAN,
61,Region 3,BTS Industrial Armas - RB Forestal,DURANGO,
43,Region 7,BTS Industrial Huejotzingo - RB Xalmimilulco,PUEBLA - TLAXCALA,
104,Region 9,BTS Infonavit Xochinahuac - RB Tezozomoc,NEXTENGO,
54,Region 1,BTS Insurgentes - RB Pinos,MEXICALI,
74,Region 1,BTS Irapuato - RB Ejido Monterrey,MEXICALI,
41,Region 2,BTS Islas - RB Serdan,OBREGON,
54,Region 2,BTS ISSSTESIN - RB Escobedo II,CULIACAN,
78,Region 5,BTS Ixtapa - RB Puerto Vallarta II,VALLARTA - NAYARIT,
8,Region 6,BTS IXTLA - RB LA PRESA,ENLACE,
82,Region 5,BTS J. Adri烱 Villase絪r- RB La Playita,VALLARTA - NAYARIT,
59,Region 2,BTS Jahuara - BTS El Carrizo,CULIACAN,
34,Region 9,BTS Jardin Rejon - RB Parque las Americas,PORTALES,
28,Region 9,BTS Jardines de Palmira - BTS Acapatzingo,CIVAC,
96,Region 5,BTS Jardines del Valle - RB Tepic,VALLARTA - NAYARIT,
31,Region 9,BTS Jardines las Delicias - RB Flores Mag蚤,CIVAC,
53,Region 1,BTS Jauja - RB Villa Floresta,R1- OTAY - T,
161,Region 9,BTS Jimenez Gallardo - RB Fracc. San Gabriel,TOLLOCAN,
79,Region 6,BTS JUANA DE ARCO - RB LAGO,SAN LUIS POTOSI,
17,Region 2,BTS Juarez - RB Reforma,HERMOSILLO,
147,Region 9,BTS Junta de Caminos - RB Blvd Alfredo del Mazo Velez,TOLLOCAN,
22,Region 4,BTS Kalos - RB Pueblo Nuevo,ZONA GUADALUPE,
69,Region 5,BTS La Cantera - RB Pante蚤 Nuevo,TLAQUEPAQUE - BANDERAS,
17,Region 5,BTS La Capacha - RB Colima dos,COLIMA,
79,Region 5,BTS La Desembocada - BTS Ixtapa,VALLARTA - NAYARIT,
100,Region 1,BTS La Escondida - RB Puesta del Sol,LA PAZ,
91,Region 4,BTS La Esperanza - BTS Lopez Portillo,ZONA REYNOSA,
32,Region 4,BTS La Expropiacion - RB Cadereyta,ZONA GUADALUPE,
20,Region 8,BTS La Finca - RB Manglares,VILLAHERMOSA,
47,Region 2,BTS La Gloria - BTS Guamuchil,CULIACAN,
45,Region 5,BTS La Goleta - BTS Atapaneo,MORELIA,
83,Region 5,BTS La Higuera- RB La Playita,VALLARTA - NAYARIT,
47,Region 5,BTS La Huerta - RB Colinas del Sur,MORELIA,
65,Region 7,BTS La Libertad - RB Rancho Colorado,PUEBLA - TLAXCALA,
31,Region 5,BTS La Magdalena - BTS Capiz,URUAPAN,
35,Region 5,BTS La Magdalena - BTS Tuminez,URUAPAN,
51,Region 5,BTS La Normal- RB Fidel Velazquez,MORELIA,
51,Region 3,BTS La Opinion - BTS Reforma,TORREON,
66,Region 2,BTS La Paloma - BTS Central,MAZATLAN,
55,Region 5,BTS La Pradera - RB Zamora III,MORELIA,
65,Region 9,BTS La Ronda - Maza,MALINCHE,
9,Region 1,BTS La Sierra - RB Aurora,LOMAS,
16,Region 4,BTS La Turbina - RB Sabinas Hialgo,ZONA AN첻UAC,
8,Region 5,BTS La Vega - RB Tala,FUENTES - VALLARTA,
14,Region 2,BTS La Victoria - BTS San Luis,HERMOSILLO,
49,Region 3,BTS Las Americas - RB Fresno,TORREON,
60,Region 4,BTS Las Compuertas - BTS El Caiman,ZONA TAMPICO,
69,Region 2,BTS Las Conchas - RB Marina,MAZATLAN,
5,Region 1,BTS Las Cumbres - RB Panamericano,LOMAS,
107,Region 5,BTS Las Flores - RB Tepic 4 (Obrera),VALLARTA - NAYARIT,
27,Region 8,BTS Las Granjas - RB Tuxtla Norte,TUXTLA,
7,Region 7,BTS Las Hortalizas - RB Rio Medio,VERACRUZ,
39,Region 2,BTS Las Juntas - RB Cerro El Vigia,OBREGON,
29,Region 2,BTS Las Minitas - BTS Paseo San Angel,HERMOSILLO,
10,Region 5,BTS Las Pintas - RB Seminario de Gpe,FUENTES - VALLARTA,
9,Region 8,BTS L耿aro C痙denas - RB Pacabtun,MRIDA,
80,Region 5,BTS Lazaro Cardenas - RB Pto. Vallarta Versalles,VALLARTA - NAYARIT,
59,Region 7,BTS Leobardo Coca - RB Autopista Atlixco,PUEBLA - TLAXCALA,
35,Region 6,BTS LEON MODERNO - RB SAN SEBASTIAN,LEON,
8,Region 8,BTS Libertad - RB Kukulcan,MRIDA,
93,Region 6,BTS LIBRAMIENTO - BTS MEZQUITAL,SAN LUIS POTOSI,
63,Region 2,BTS Libramiento - RB Madero,MAZATLAN,
96,Region 6,BTS LIBRAMIENTO - RB PAISANO,SAN LUIS POTOSI,
18,Region 2,BTS Lienzo Charro - RB Nuevo Hermosillo,HERMOSILLO,
31,Region 4,BTS Lienzo Charro GSM - RB Veintiocho,ZONA GUADALUPE,
84,Region 1,BTS Lindavista - RB Pieras Negras,ENSENADA,
98,Region 5,BTS Loma Bonita - RB Minerva,VALLARTA - NAYARIT,
26,Region 8,BTS Loma Larga - RB Chiapa de Corzo,TUXTLA,
19,Region 9,BTS Lomas de Cortes - RB Tezontepec,CIVAC,
125,Region 9,BTS Lomas de La Hacienda - RB San Jose Del Jaral,CUAUTITLAN,
136,Region 9,BTS Lomas de las Palmas - RB Terrazas del Bosque,TK II,
2,Region 7,BTS Lomas de Sierra Juarez - BTS Jardin,OAXACA,
128,Region 9,BTS Lomas Virreyes - BTS Jardin Rep. Del Peru,TECA I,
60,Region 7,BTS Lomasde Angelopolis - RB Autopista Atlixco,PUEBLA - TLAXCALA,
88,Region 4,BTS Lopez Portillo  GSM - BTS Purificacion GSM,ZONA REYNOSA,
14,Region 1,BTS Los Charros - RB Ermita,LOMAS,
15,Region 2,BTS Los Chinos - RBS Palo Verde,HERMOSILLO,
3,Region 9,BTS Los Encinos - RB Bosques del Pedregal,CARRASCO,
33,Region 4,BTS Los Laureles - RB La Puerta,ZONA SAN PEDRO,
14,Region 5,BTS Los Mezquites - RB Colima I,COLIMA,
2,Region 3,BTS Los Pinos - RB Libramiento Aeropuerto,JUAREZ,
70,Region 4,BTS Los Reyes - RB Asturias,ZONA LAREDO,
63,Region 7,BTS los Rios -  RB San Manuel,PUEBLA - TLAXCALA,
47,Region 7,BTS Luz Obrera - RB Jeronimo Caleras,PUEBLA - TLAXCALA,
33,Region 2,BTS Macario - RB Moctezuma,HERMOSILLO,
83,Region 6,BTS MADERO - RB LAS PALMAS,SAN LUIS POTOSI,
86,Region 1,BTS Maestros - BTS Mar de Cortez,ENSENADA,
22,Region 5,BTS Manzanillo Blvd. - RB Manzanillo I,COLIMA,
75,Region 4,BTS Maquiladoras - RB Acu人,ZONA LAREDO,
87,Region 1,BTS Mar de Cortez - RB Bahia,ENSENADA,
73,Region 1,BTS Mariano Salas-BTS Villas del Rey,MEXICALI,
120,Region 9,BTS Marina Escobedo - RB Normal de Maestros,POPOTLA,
101,Region 1,BTS Marquez de Leon - RB Forjadores,LA PAZ,
92,Region 6,BTS MARX - RB PAISANO,SAN LUIS POTOSI,
66,Region 9,BTS Maza - RB Valle Gomez,MALINCHE,
165,Region 9,BTS Melero y Pi人 - RB Alducin,TOLLOCAN,
38,Region 3,BTS Menonita - RB Trabajo,CHIHUAHUA,
65,Region 5,BTS Mercedes Celis- BTS Arqu庵ides,TLAQUEPAQUE - BANDERAS,
52,Region 3,BTS Metalica - RB Cuatro Caminos,TORREON,
85,Region 6,BTS MEXICANA - RB ZONA INDUSTRIAL,SAN LUIS POTOSI,
25,Region 4,BTS Mexico - RB Eloy Cavazos,ZONA GUADALUPE,
54,Region 3,BTS Mezclilla - RB Residencial,TORREON,
63,Region 3,BTS Mezquital - BTS Jacarandas.,DURANGO,
64,Region 9,BTS Michoacana - RB Valle Gomez,MALINCHE,
6,Region 7,BTS Miguel Negrete - BTS Las Hortalizas,VERACRUZ,
63,Region 6,BTS MILENIO - BTS BOLA헲S,QUERETARO,
26,Region 1,BTS Milenio - BTS Chopo,LOMAS,
25,Region 3,BTS Milenio BTS De Las Industrias,CHIHUAHUA,
57,Region 5,BTS Milpillas - RB Tepatitlan,TLAQUEPAQUE - BANDERAS,
152,Region 9,BTS Mina Mexico - BTS San Pablo Autopan,TOLLOCAN,
40,Region 2,BTS Miramar - RB Cerro El Vigia,OBREGON,
72,Region 9,BTS Misterios - RB Calz. De Guadalupe,MALINCHE,
77,Region 1,BTS Moctezuma - BTS Reforma,ENSENADA,
74,Region 9,BTS Moctezuma 2 Secc. - Moctezuma,MALINCHE,
65,Region 6,BTS MONROY - BTS VISTRA ALEGRE,QUERETARO,
39,Region 6,BTS MONTECRISTO - RB LA FERIA,LEON,
77,Region 9,BTS Monumento a la Raza - RB Santa Maria,MALINCHE,
53,Region 2,BTS Mora - RB Malecon,CULIACAN,
46,Region 9,BTS Moras - BTS Del Valle Sur,URRAZA,
68,Region 9,BTS Morelos - BTS Maza,MALINCHE,
22,Region 3,BTS Motorola - RB Impulso,CHIHUAHUA,
98,Region 1,BTS Museo - BTS Mulege,LA PAZ,
38,Region 9,BTS Museo Frida Kahlo - BTS Pateon Xoco,PORTALES,
28,Region 2,BTS Naranjeros - BTS Estadio,HERMOSILLO,
44,Region 7,BTS Nativitas - RB Xalmimilulco,PUEBLA - TLAXCALA,
49,Region 7,BTS Ni絪 Artillero - RB Central de Abastos,PUEBLA - TLAXCALA,
35,Region 9,BTS Ni絪 Perdido - Tetepilco,PORTALES,
23,Region 8,BTS Ni絪s Heroes - RB Independencia,VILLAHERMOSA,
17,Region 1,BTS Ni絪s Heroes - RB La Vuelta,LOMAS,
27,Region 2,BTS Niza - RB Jardines,HERMOSILLO,
69,Region 4,BTS Nogal - RB Villa Uni蚤,ZONA LAREDO,
21,Region 3,BTS Nogales - MTX Chihuahua,CHIHUAHUA,
39,Region 5,BTS Nueva Chapultepec - RB Union,MORELIA,
14,Region 3,BTS Nueva Esperanza - RB Libramiento Aeropuerto,JUAREZ,
4,Region 1,BTS Obrera - RB Valle del Sur,LOMAS,
49,Region 5,BTS Ocolusen - RB Bugambilias,MORELIA,
167,Region 9,BTS Ocoyoacac Centro - BTS Barrio San Juan,TOLLOCAN,
103,Region 5,BTS Ojo de Agua - RB Mololoa,VALLARTA - NAYARIT,
1,Region 9,BTS Olimpica - BTS Jardin,OAXACA,
37,Region 4,BTS Olimpico - RB Sierra Madre,ZONA SAN PEDRO,
50,Region 6,BTS OMEGA - RB DOLORES HIDALGO,QUERETARO,
4,Region 6,BTS ORO - RB RENACIMIENTO,ENLACE,
95,Region 6,BTS ORQUIDEA - RB PROGRESO,SAN LUIS POTOSI,
34,Region 1,BTS Otay Cali - BTS Jard暗 Dorado,R1- OTAY - T,
80,Region 4,BTS Palenque - RB Ni絪s Heroes,ZONA REYNOSA,
29,Region 8,BTS Palmas - RB La Salle,TUXTLA,
66,Region 1,BTS Palmira - RB Obreg蚤,MEXICALI,
26,Region 7,BTS Palo Verde - BTS Argos,XALAPA,
38,Region 6,BTS PALOMARES - RB ANDRADE,LEON,
86,Region 9,BTS Panteon Los Rosales - RB Chimalpa,NEZA,
102,Region 9,BTS Panteon San Isidro II - BTS Aquiles Serdan,NEXTENGO,
40,Region 9,BTS Panteon Xoco - - RB General Anaya,PORTALES,
27,Region 6,BTS PARAISO - RB SAN FCO DEL RINCON,LEON,
19,Region 3,BTS Parajes - BTS Medio Oriente,JUAREZ,
70,Region 5,BTS Parque Industrial - RB El Trece,TLAQUEPAQUE - BANDERAS,
30,Region 1,BTS Parque Internacional - MC Tip,R1- OTAY - T,
121,Region 9,BTS Parque Lincoln - RB Homero,POPOTLA,
111,Region 9,BTS Parque Tezozomoc - RB Tezozomoc,NEXTENGO,
68,Region 7,BTS Paseo Bravo - RB Reforma,PUEBLA - TLAXCALA,
30,Region 2,BTS Paseo San Angel - BTS Montecarlo,HERMOSILLO,
9,Region 6,BTS PATRIA - RB BOULEVARES,AGUASCALIENTES,
75,Region 1,BTS Patzcuaro - RBS Ejido Toluca,MEXICALI,
90,Region 9,BTS Penitenciaria Pachuca - RB Fracc. El Palmar,REVOLUCION,
69,Region 6,BTS PE헤 DE BERNAL - RB EZEQUIEL MONTES,QUERETARO,
16,Region 8,BTS Perif本ico - RB Villaverde,VILLAHERMOSA,
71,Region 2,BTS Pescador - MSC Mazatlan,MAZATLAN,
11,Region 1,BTS Picacho - RB Chulavista,LOMAS,
51,Region 6,BTS PINGUICA - RB SAN JULIAN,QUERETARO,
61,Region 9,BTS Piramides Tulancingo - RB San Martin de las Piramides,ECATEPEC,
15,Region 7,BTS Pirata Fuentes - RB Villa del Mar,VERACRUZ,
33,Region 9,BTS Playa Manzanillo - RB Caleta,PORTALES,
67,Region 9,BTS Plaza Aviacion - RB Hangares,MALINCHE,
16,Region 5,BTS Plaza Country - RB Lomas de las Flores,COLIMA,
20,Region 9,BTS Plaza Cuernavaca - RB Tezontepec,CIVAC,
76,Region 9,BTS Plaza de San Juan - Balderas II,MALINCHE,
13,Region 8,BTS Plaza de Toros - RB Colonia Yucat烱.,MRIDA,
84,Region 5,BTS Plaza de Toros- RB Los Sauces,VALLARTA - NAYARIT,
11,Region 8,BTS Plaza Montejo - MSC Montejo,MRIDA,
21,Region 8,BTS Plaza Sur - RB Juarez,VILLAHERMOSA,
13,Region 3,BTS Pradera Dorada - RB Papalote,JUAREZ,
5,Region 4,BTS Prados - RB Metroplex,ZONA AN첻UAC,
81,Region 6,BTS PROGRESO - ARBOLITO,SAN LUIS POTOSI,
38,Region 2,BTS Providencia - RB Morelos,OBREGON,
102,Region 1,BTS Pueblo Bonito - R B San Lucas II,LA PAZ,
54,Region 7,BTS Pueblo Nuevo - RB Valle Dorado,PUEBLA - TLAXCALA,
74,Region 7,BTS Puente de Mexico - BTS la Libertad,PUEBLA - TLAXCALA,
19,Region 8,BTS Puente Grijalva - RB Villahermosa II,VILLAHERMOSA,
22,Region 1,BTS Punta Bandera - BTS Santa Fe,LOMAS,
89,Region 4,BTS Purificacion GSM - BTS Renacimiento GSM,ZONA REYNOSA,
82,Region 6,BTS PURISIMA - ESPA헤,SAN LUIS POTOSI,
87,Region 4,BTS Ramire絪 - RB D眼z Ordas,ZONA REYNOSA,
22,Region 8,BTS Ramon Galguera - RB Malecon,VILLAHERMOSA,
69,Region 7,BTS Rancho Bautista - RB San Martin Caltenco,PUEBLA - TLAXCALA,
64,Region 7,BTS Rancho La Calera - RB Heroes de Puebla,PUEBLA - TLAXCALA,
141,Region 9,BTS Rancho San Lucas - Metepec,TOLLOCAN,
28,Region 3,BTS Rastro - BTS Robinson,CHIHUAHUA,
90,Region 4,BTS Renacimiento - RB Petrolera,ZONA REYNOSA,
94,Region 9,BTS Residencial Plaza Las Torres - RB El Desmonte,REVOLUCION,
56,Region 3,BTS Revueltas - BTS Mezquital,TORREON,
20,Region 4,BTS Rinconada - RB La Quinta,ZONA GUADALUPE,
86,Region 6,BTS RIVERA - RB ESPA헤,SAN LUIS POTOSI,
53,Region 6,BTS ROBLES - RB LAS FRESAS,QUERETARO,
37,Region 6,BTS ROSILLAS - BTS QUEBRADORA,LEON,
67,Region 2,BTS Sabalos - RB Marlin,MAZATLAN,
64,Region 2,BTS Salida - BTS El Siete,MAZATLAN,
5,Region 3,BTS Samalayuca - BTS Los Pinos,JUAREZ,
8,Region 2,BTS Samsonite - RB Industrial,NOGALES,
56,Region 7,BTS San Andres - RB Universidad Americas,PUEBLA - TLAXCALA,
94,Region 1,BTS San Angel - RB Indeco Lomitas,ENSENADA,
97,Region 5,BTS San Cayetano - BTS Landere人s,VALLARTA - NAYARIT,
88,Region 9,BTS San Cayetano - RB Constitucion,REVOLUCION,
83,Region 4,BTS San Diego - RB Libramiento,ZONA REYNOSA,
150,Region 9,BTS San Diego de los Padres - BTS Carretera Atlacomulco,TOLLOCAN,
43,Region 2,BTS San German - BTS Miramar,OBREGON,
51,Region 9,BTS San Gregorio Atlapulco - RB Cooperativa OSCOVI,XOCHIMILCO,
117,Region 9,BTS San Isidro - RB Camarones,NEXTENGO,
4,Region 9,BTS San Jose Olivar - BTS Centro Libanes Av. Toluca,CARRASCO,
82,Region 4,BTS San Juan - RB Bagdag,ZONA REYNOSA,
45,Region 7,BTS San Lorenzo - RB Almecatla,PUEBLA - TLAXCALA,
139,Region 9,BTS San Luis Tlatilco - BTS Ampliacion Altamira,TK II,
52,Region 7,BTS San Matias - RB Los Sauces,PUEBLA - TLAXCALA,
168,Region 9,BTS San Nicolas Tlazala - BTS Toluca los Encinos,TOLLOCAN,
41,Region 7,BTS San Pablo - Jeronimo Caleras,PUEBLA - TLAXCALA,
151,Region 9,BTS San Pablo Autopan - BTS Carretera Atlacomulco,TOLLOCAN,
109,Region 9,BTS San Pedro Xalpa - BTS Santiago Ahuizotla,NEXTENGO,
92,Region 4,BTS San Quintin - RB La Guarida,ZONA REYNOSA,
58,Region 7,BTS San Ramon - RB Hospital General,PUEBLA - TLAXCALA,
42,Region 2,BTS San Vicente - RB Serdan,OBREGON,
60,Region 6,BTS SANTA ANA - RB REVOLUCION,QUERETARO,
163,Region 9,BTS Santa Ana Lerma - RB Parque Industrial Lerma,TOLLOCAN,
53,Region 7,BTS Santa Barbara - RB Momoxpan,PUEBLA - TLAXCALA,
21,Region 1,BTS Santa Fe - RB La Gloria,LOMAS,
2,Region 1,BTS Santa Julia - BTS Las Cumbres,LOMAS,
164,Region 9,BTS Santa Maria Atarasquillo - RB Parque Industrial Lerma,TOLLOCAN,
66,Region 7,BTS Santiago Acatlan - BTS Reyes de Juarez,PUEBLA - TLAXCALA,
43,Region 9,BTS Santiago Norte - RB Hidalgo,PORTALES,
88,Region 6,BTS SANTOS DEGOLLADO - RB LAS AGUILAS,SAN LUIS POTOSI,
72,Region 6,BTS SENECA - BTS ESCULTOR,QUERETARO,
23,Region 2,BTS Serna - RB Seri,HERMOSILLO,
31,Region 3,BTS Siroco - BTS Tabaloapa,CHIHUAHUA,
20,Region 2,BTS Soriana - RB Bacanora,HERMOSILLO,
23,Region 9,BTS Sta. Maria Ahuacatitlan - BTS Cuauhtemoc Cuernavaca,CIVAC,
48,Region 5,BTS Sta. Maria Guido - RB Cuauhtemoc,MORELIA,
79,Region 1,BTS Subestacion - RB Cipres,ENSENADA,
6,Region 6,BTS SUIZA - RB RENACIMIENTO,ENLACE,
24,Region 3,BTS Tabaloapa - BTS Castillo,CHIHUAHUA,
10,Region 8,BTS Tanlum - RB Francisco de Montejo,MRIDA,
73,Region 2,BTS Teacapan - BTS La Muralla,MAZATLAN,
91,Region 9,BTS Tec. De Monterrey (Pach) - RB Adolfo Lopez Mateos,REVOLUCION,
70,Region 7,BTS Tecali - RB Tepeaca,PUEBLA - TLAXCALA,
100,Region 5,BTS Tecnologico - RB Tierra y Libertad,VALLARTA - NAYARIT,
18,Region 1,BTS Tecolote - RB La Gloria,LOMAS,
26,Region 9,BTS Temixco - Exhacienda de Temixco,CIVAC,
57,Region 6,BTS TEMPANO - RB ATENAS,QUERETARO,
32,Region 7,BTS Teolocholco - BTS Xaxala,PUEBLA - TLAXCALA,
80,Region 9,BTS Tepalcates - RB Agricola Oriental II,NEZA,
34,Region 7,BTS Tepeyanco - RB Zacatelco,PUEBLA - TLAXCALA,
12,Region 9,BTS Tequesquitengo - REP Vista Hermosa,CIVAC,
149,Region 9,BTS Terminal - BTS Toluca Cuauhtemoc,TOLLOCAN,
96,Region 1,BTS Territorio Sur - RB Loma Linda,ENSENADA,
56,Region 9,BTS Tezoyuca - Chiconcuac (CTL Chiconcuac),ECATEPEC,
51,Region 2,BTS Tierra Blanca - RB Malecon,CULIACAN,
47,Region 4,BTS Tigris - RB Saltillo Centro,ZONA SAN PEDRO,
3,Region 8,BTS Tikal - RB La Costa,CANCUN,
58,Region 6,BTS TLALOC - OBRERA,QUERETARO,
73,Region 9,BTS Tlatelolco - RB La Raza,MALINCHE,
146,Region 9,BTS Toluca Cuauhtemoc - BTS Toluca Universidad,TOLLOCAN,
166,Region 9,BTS Toluca Los Encinos - BTS Santa Ana Lerma,TOLLOCAN,
144,Region 9,BTS Toluca Universidad - BTS Capultitlan,TOLLOCAN,
17,Region 3,BTS Tomas Fernandez - RB Mitologia,JUAREZ,
50,Region 2,BTS Tomateros - RB Toledo,CULIACAN,
12,Region 7,BTS Toronjas - RB Equipamiento,VERACRUZ,
106,Region 9,BTS Torre Blanca - Col. Ahuizotla,NEXTENGO,
53,Region 4,BTS Torre Mirador - RB Canteras,ZONA SAN PEDRO,
59,Region 3,BTS Trancas - Rep. Telmex Chocolate,DURANGO,
24,Region 2,BTS Tridex - MSC Calinda Hermosillo,HERMOSILLO,
75,Region 9,BTS U. Kennedy - Moctezuma,MALINCHE,
26,Region 3,BTS UACH - BTS Contabilidad,CHIHUAHUA,
28,Region 8,BTS Unidad Deportiva - RB Lajas,TUXTLA,
129,Region 9,BTS Unidad Molino de Santo Domingo - RB Panteon Dolores,TECA I,
24,Region 9,BTS Universidad Autonoma de Morelos - BTS Cuauhtemoc Cuernavaca,CIVAC,
14,Region 8,BTS Universidad del Mayab - BTS Industrial NC,MRIDA,
85,Region 9,BTS Universidad Tecnologica de Neza - RB La Perla,NEZA,
52,Region 6,BTS UNIVERSITARIO -RB LAS FRESAS,QUERETARO,
84,Region 6,BTS VALLARTA - RB LAS AGUILAS,SAN LUIS POTOSI,
78,Region 9,BTS Vallejo Insurgentes - RB La Raza,MALINCHE,
35,Region 3,BTS Venceremos - BTS Nogales,CHIHUAHUA,
56,Region 1,BTS Venecia - BTS Xochicali,MEXICALI,
65,Region 3,BTS Versalles - BTS Real Victoria,DURANGO,
27,Region 1,BTS Via Rapida - RB Ruiz Cortinez,LOMAS,
37,Region 7,BTS Via Rapida Tlaxcala - RB Zacatelco,PUEBLA - TLAXCALA,
85,Region 5,BTS Vicente Palacios- RB Versalles,VALLARTA - NAYARIT,
59,Region 1,BTS Vigia - RB La Bodega,MEXICALI,
92,Region 1,BTS Villa Bonita - RB Ojos Negros,ENSENADA,
6,Region 4,BTS Villa Campestre GSM - RB Autodromo,ZONA AN첻UAC,
81,Region 5,BTS Villa Paraiso - RB Nvo. Vallarta,VALLARTA - NAYARIT,
80,Region 1,BTS Villa Rey - BTS Subestaci蚤,ENSENADA,
97,Region 9,BTS Villas de Tezontepec - BTS Zapotlan de Juarez,REVOLUCION,
71,Region 1,BTS Villas del Prado - BTS Villas del Rey,MEXICALI,
72,Region 1,BTS Villas del Rey - RB Satelite,MEXICALI,
64,Region 6,BTS VIVEROS - BTS CAMPANARIO,QUERETARO,
25,Region 7,BTS Xalape絪s Ilustres - MC Madero,XALAPA,
104,Region 5,BTS Xalisco - BTS Xalisco Centro,VALLARTA - NAYARIT,
101,Region 5,BTS Xalisco centro - BTS Landere人s,VALLARTA - NAYARIT,
71,Region 7,BTS Xalostoc - Rb Xicotencatl,PUEBLA - TLAXCALA,
31,Region 7,BTS Xaxala - RB Tlacomulco,PUEBLA - TLAXCALA,
26,Region 6,BTS XOCONOXTLE - RB SAN FCO DEL RINCON,LEON,
55,Region 1,BTS Xochicali - BTS Agualeguas,MEXICALI,
91,Region 6,BTS XOCHIMILCO - RB COLORINES,SAN LUIS POTOSI,
73,Region 7,BTS Zacatepec - BTS Periferico Pista,PUEBLA - TLAXCALA,
56,Region 5,BTS Zamora Centro - RB Zamora II,MORELIA,
68,Region 5,BTS Zool窕ico- RB Huentit烱,TLAQUEPAQUE - BANDERAS,
102,Region 5,BTS/RB Tecnol窕ico-BTS El Armadillo,VALLARTA - NAYARIT,
43,Region 3,CAC 6 Chihuahua - BTS Milenio,CHIHUAHUA,
4,Region 2,CAC Agua Prieta - Rb Ejido,NOGALES,
34,Region 2,CAC Franquicias - RB Lincoln,HERMOSILLO,
60,Region 2,CAC Guasave - RB Ocoro,CULIACAN,
3,Region 7,CAC Oaxaca 1 - BTS Porfirio Diaz,OAXACA,
42,Region 3,CAC Parral BTS Nuevo Parral,CHIHUAHUA,
19,Region 1,CAC Rosarito - BTS Ejido Mazatl烱,LOMAS,
64,Region 4,CAC Tampico ll - RB Tancol,ZONA TAMPICO,
25,Region 2,Call Center Rodriguez Baggio - MSC Calinda,HERMOSILLO,
29,Region 7,Contla - Amaxac,PUEBLA - TLAXCALA,
44,Region 9,Escandon - RB Baja California,URRAZA,
24,Region 7,Madero - RB Animas,XALAPA,
25,Region 8,Mc CAC Tuxtla II - RB Sabinal,TUXTLA,
9,Region 5,MC Iteso-RB Agricola,FUENTES - VALLARTA,
16,Region 6,MIRADOR - AGRONOMIA,AGUASCALIENTES,
90,Region 6,MORALES - SAN PEDRO,SAN LUIS POTOSI,
15,Region 9,MSC Civac - RB Civac,CIVAC,
75,Region 6,NORIA DE LOS CONOS - MATEHUALA CENTRO,SAN LUIS POTOSI,
35,Region 7,Papalotla - Tenancingo,PUEBLA - TLAXCALA,
18,Region 6,PLATEROS - FRESNILLO,AGUASCALIENTES,
57,Region 7,Playas del Sur - Hospital General,PUEBLA - TLAXCALA,
18,Region 3,Plaza Juarez Mall - RB Panamericana,JUAREZ,
21,Region 7,RB  Banderillas - RB Xalapa Prados,XALAPA,
44,Region 5,RB 5 de Diciembre - RB Chapultepec,MORELIA,
4,Region 3,RB Abastos - RB Gasera,JUAREZ,
65,Region 1,RB Aeropuerto MXLI - RB Islas Agrarias,MEXICALI,
73,Region 5,RB Aeropuerto Vallarta - BTS Paseo Marina Nte,VALLARTA - NAYARIT,
15,Region 6,RB AGRONOMIA - RB PLATA,AGUASCALIENTES,
76,Region 4,RB Agujita - RB Sabinas,ZONA LAREDO,
75,Region 7,RB Alborada - RB Renacimiento,GUERRERO,
69,Region 1,RB Altar - RB Bosques,MEXICALI,
11,Region 6,RB ALTAVISTA - RB SAN MARCOS,AGUASCALIENTES,
27,Region 7,RB Amaxac - RB Sta. Ana Ch.,PUEBLA - TLAXCALA,
11,Region 3,RB Amistad - RB Carlos Amaya,JUAREZ,
70,Region 9,RB Aragon 3a. Secc. - RB Oceania,MALINCHE,
20,Region 5,RB Armeria - RB Tecoman,COLIMA,
119,Region 9,RB Arquimedes Reforma - RB Montes Urales,POPOTLA,
41,Region 4,RB Arteaga - RB Oceania,ZONA SAN PEDRO,
109,Region 5,Rb Autocinema - Bts Tr烱sito,PROVIDENCIA,
60,Region 5,RB Azalea - RB Tonala,TLAQUEPAQUE - BANDERAS,
31,Region 6,RB BALCONES - RB ARBIDE,LEON,
118,Region 9,RB Balsas - RB Horacio,POPOTLA,
123,Region 9,RB Barrientos - RB Lecheria,CUAUTITLAN,
29,Region 1,RB Benton - RB La Mesa,R1- OTAY - T,
1,Region 1,RB Bonampak - MSC Cancun,CANCUN,
61,Region 7,RB Bosques de San Sebastian - RB Amalucan,PUEBLA - TLAXCALA,
23,Region 6,RB BRISAS - BTS EVEREST,LEON,
52,Region 4,RB Brisas - RB Satelite,ZONA SAN PEDRO,
86,Region 5,RB Bucerias- BTS Cruz de Huanacaxtle,VALLARTA - NAYARIT,
35,Region 2,RB Cajeme - RB Obregon Norte,OBREGON,
7,Region 4,RB California - RB Jonas,ZONA AN첻UAC,
132,Region 9,RB Camino a Huixquilucan - BTS Bosque Real,TK II,
39,Region 1,RB Campestre Murua - RB Alamar,R1- OTAY - T,
40,Region 1,RB Campestre Murua - RB Cetys,R1- OTAY - T,
63,Region 5,RB Caracol - RB Villas del Nilo,TLAQUEPAQUE - BANDERAS,
18,Region 4,RB Carranza - Nodo Loma Larga,ZONA AN첻UAC,
12,Region 2,RB Centro - RB Arizona,HERMOSILLO,
13,Region 5,RB Centro de Salud - RB San Pablo,COLIMA,
1,Region 3,RB Centro Viejo - RB Chamizal.,JUAREZ,
45,Region 4,RB Cerritos- - RB Saltillo Centro,ZONA SAN PEDRO,
47,Region 1,RB Cerro Colorado - RB Maclovio Rojas,R1- OTAY - T,
84,Region 4,RB Cervando Canales - RB La India,ZONA REYNOSA,
48,Region 1,RB Cerveceria - BTS Cuchuma,R1- OTAY - T,
14,Region 4,RB Cienega de Flores - RB Autodromo,ZONA AN첻UAC,
8,Region 9,RB Club de Golf- RB Cuernavaca Centro,CIVAC,
159,Region 9,RB Coatipac - RB San Mateo Mexicalcingo,TOLLOCAN,
45,Region 6,RB COECILLO - RB SILAO CENTRO,LEON,
28,Region 6,RB COLINAS DE LEON - RB SANTA RITA,LEON,
40,Region 3,RB Col蚤 - RB Rastro,CHIHUAHUA,
1,Region 5,RB Conchitas - RB El Colli,FUENTES - VALLARTA,
49,Region 1,RB Condor - RB El Hongo,R1- OTAY - T,
26,Region 5,RB Constituyentes - RB Lazaro Cardenas,URUAPAN,
114,Region 5,Rb Contreras Medellin - Bts Federalismo,PROVIDENCIA,
135,Region 9,RB Corporativo Santa Fe - RB Vasco de Quiroga,TK II,
47,Region 6,RB COVADONGA - RB SAN LUIS DE LA PAZ,QUERETARO,
29,Region 9,RB Cuautla - RB A絪 de Juarez,CIVAC,
10,Region 6,RB CUMBRES - RB UNIVERSIDAD,AGUASCALIENTES,
50,Region 7,RB Chachapa - RB Amozoc,PUEBLA - TLAXCALA,
65,Region 4,RB Chairel - CAC Tampico II,ZONA TAMPICO,
70,Region 1,RB Daewoo - RB Obregon,MEXICALI,
13,Region 7,RB Diez de Mayo - RB Vergel,VERACRUZ,
112,Region 5,Rb Dominguez - Rb Estadio,PROVIDENCIA,
57,Region 4,RB Ejido Chapultepec - RB Cd. Mante,ZONA TAMPICO,
45,Region 1,RB Ejido Villa - BTS La Morita,R1- OTAY - T,
21,Region 4,RB El Calvario - RB Pesqueria,ZONA GUADALUPE,
62,Region 4,RB El Puente - RB Panuco,ZONA TAMPICO,
154,Region 9,RB El Puentecito - REP. El Maizal,TOLLOCAN,
61,Region 5,RB El Rosario - RB Loma Dorada,TLAQUEPAQUE - BANDERAS,
56,Region 4,RB El Vaquero - RB General Teran,ZONA SAN PEDRO,
10,Region 2,RB Encino - RB Colosio,NOGALES,
44,Region 1,RB Escondido - RB Jardin Dorado,R1- OTAY - T,
62,Region 1,RB Esperanza - RB San Marcos,MEXICALI,
2,Region 2,RB Esqueda -RB Ejido,NOGALES,
50,Region 5,RB Estacion Querendaro - RB Alvaro Obregon,MORELIA,
111,Region 5,Rb Estadio - Rb Paseos Independencia,PROVIDENCIA,
54,Region 4,RB Faisan - RB Cavazos,ZONA SAN PEDRO,
10,Region 4,RB Flores Magon - RB Girasoles,ZONA AN첻UAC,
118,Region 5,Rb Flores Mag蚤 - Rb Lomas de San Isidro,PROVIDENCIA,
8,Region 3,RB Fosas - RB Benito Juarez,JUAREZ,
12,Region 4,RB Fraile - RB Arco Vial,ZONA AN첻UAC,
6,Region 2,RB Fresno - RB Greco,NOGALES,
12,Region 6,RB GANDHI - BTS LOPEZ PORTILLO,AGUASCALIENTES,
33,Region 1,RB Garita - MC Aeropuerto,R1- OTAY - T,
31,Region 1,RB Garita - RB Cd. Industrial,R1- OTAY - T,
32,Region 1,RB Garita - RB Perimetral Norte,R1- OTAY - T,
40,Region 4,RB Garza Ayala - RB Morones,ZONA SAN PEDRO,
39,Region 4,RB Garza Ayala - RB Vasconcelos,ZONA SAN PEDRO,
12,Region 3,RB Gasera - RB Establo,JUAREZ,
15,Region 4,RB Girasoles - RB Escobedo,ZONA AN첻UAC,
52,Region 2,RB Gobernador - RB Rio,CULIACAN,
37,Region 5,RB Guacamayas - BTS R癌 Balsas,URUAPAN,
36,Region 5,RB Guacamayas - RB Pto. Lazaro Cardenas,URUAPAN,
57,Region 9,RB Guadalupe Coatzochico - MSC Ecatepec,ECATEPEC,
11,Region 5,RB Guayabitos - RB Toluquilla,FUENTES - VALLARTA,
41,Region 1,RB Guaycura - RB Buenos Aires,R1- OTAY - T,
67,Region 4,RB Hidalgo - RB Ojo Caliente,ZONA LAREDO,
74,Region 6,RB HORNO - RB ZONA INDUSTRIAL,SAN LUIS POTOSI,
21,Region 6,RB IBARILLA - BTS CASTILLO,LEON,
20,Region 6,RB IBARILLA - BTS HEBREO,LEON,
19,Region 6,RB IBARILLA - RB AURORA,LEON,
20,Region 3,RB Impulso - RB Aniversario,CHIHUAHUA,
17,Region 8,RB Independencia - RB Carrizal,VILLAHERMOSA,
7,Region 2,RB Industrial - RB Greco,NOGALES,
24,Region 6,RB INSURGENTES - RB REPUBLICA,LEON,
43,Region 1,RB Jardin Dorado - RB Murua,R1- OTAY - T,
110,Region 5,Rb Jardines - Rb Autocinema,PROVIDENCIA,
41,Region 6,RB JARDINES - RB PRADOS,LEON,
64,Region 5,RB Jesus Urueta - RB Talpita,TLAQUEPAQUE - BANDERAS,
32,Region 3,RB Kiwi - RB Seminario,CHIHUAHUA,
4,Region 8,RB La Costa - MSC Cancun,CANCUN,
61,Region 4,RB La Divisoria GSM - RB Cardenas,ZONA TAMPICO,
1,Region 6,RB LA ERA - RB SALAMANCA,ENLACE,
43,Region 4,RB La Esmeralda GSM - RB Ayuntamiento,ZONA SAN PEDRO,
68,Region 6,RB LA GRIEGA - RB AGUA AZUL,QUERETARO,
79,Region 4,RB La India - RB Sta. Cecilia,ZONA REYNOSA,
72,Region 4,RB La Joya - RB Incas,ZONA LAREDO,
63,Region 9,RB La Loma - BTS Las Vegas Xalostoc,MALINCHE,
78,Region 4,RB La Luz - RB Santa Cecilia,ZONA REYNOSA,
10,Region 9,RB La Palapa -  RB Vista Hermosa,CIVAC,
71,Region 4,RB La Salle - RB Chamizal,ZONA LAREDO,
64,Region 1,RB Las Californias - RB Villa Fontana,MEXICALI,
58,Region 1,RB Las Hadas - RB Vista Hermosa,MEXICALI,
81,Region 4,RB Lauro Villar - RB Bagdad,ZONA REYNOSA,
32,Region 5,RB Lazaro Cardenas - BTS Miner眼,URUAPAN,
24,Region 5,RB Lazaro Cardenas - RB Uruapan II,URUAPAN,
16,Region 3,RB Lebaron - CTL Telmex Lebaron,JUAREZ,
48,Region 6,RB LINDERO - RB DOLORES HIDALGO,QUERETARO,
133,Region 9,RB Lomas de Bezares - RB Lomas de Tecamachalco,TK II,
60,Region 1,RB Lopez Mateos - RB Centro Civico,MEXICALI,
43,Region 5,RB Lopez Mateos - RB Infonavit,MORELIA,
44,Region 4,RB Los Arcos GSM - RB Saltillo Centro,ZONA SAN PEDRO,
52,Region 5,RB Los Espinos - RB Zamora,MORELIA,
2,Region 5,RB Los Gavilanes - RB Santa Anita,FUENTES - VALLARTA,
36,Region 3,RB Lote Urbanos - RB Cruz Roja,CHIHUAHUA,
18,Region 8,RB Malecon - RB Villahermosa II,VILLAHERMOSA,
46,Region 4,RB Manantial GSM - RB Bugambilias,ZONA SAN PEDRO,
2,Region 6,RB MANANTIALES - RB MACARENA,ENLACE,
78,Region 1,RB Maneadero - RB Primavera,ENSENADA,
61,Region 2,RB Marlin - RB Reyes,MAZATLAN,
66,Region 3,RB Miguel Auza - RB Morelos,ZACATECAS,
76,Region 6,RB MIGUEL HIDALGO - RB SANTIAGO,SAN LUIS POTOSI,
87,Region 5,RB Minerva - CLD Tepic,VALLARTA - NAYARIT,
82,Region 9,RB Mixhuca - Pico,NEZA,
115,Region 9,RB Molinito - RB Residencial Naucalpan,NEXTENGO,
91,Region 5,RB Mololoa-RB Tierra y Libertad,VALLARTA - NAYARIT,
115,Region 5,Rb Monraz - Rb Plaza Goya,PROVIDENCIA,
116,Region 5,Rb Monraz - Rb Vallarta San Jorge,PROVIDENCIA,
7,Region 1,RB Monte San Antonio - RB Fundadores,LOMAS,
11,Region 2,RB Monteverde - RB Salazar,HERMOSILLO,
46,Region 5,RB Morelia Centro - RB La Merced,MORELIA,
5,Region 6,RB MORELIANA -RB MOROLEON,ENLACE,
71,Region 6,RB MORITA - RB JERECUARO,QUERETARO,
35,Region 4,RB Morones - RB Naranjo,ZONA SAN PEDRO,
6,Region 3,RB Municipio Libre - RB Panama,JUAREZ,
16,Region 1,RB Mutualismo - RB Hidalgo,LOMAS,
20,Region 7,RB Naolinco - RB Banderillas,XALAPA,
41,Region 3,RB Nicolas Bravo - Telmex Gomez Farias,CHIHUAHUA,
27,Region 5,RB Ni絪 Artillero - MSC Uruapan,URUAPAN,
13,Region 6,RB NISSAN - RB PARQUE INDUSTRIAL,AGUASCALIENTES,
5,Region 2,RB Nogales - RB Orizaba,NOGALES,
119,Region 5,Rb Nuevo M峰ico - BTS Colonia de Tesistan,PROVIDENCIA,
74,Region 5,RB Nuevo Vallarta - RB Puerto Vallarta II,VALLARTA - NAYARIT,
19,Region 4,RB Obispado - RB Carranza,ZONA AN첻UAC,
46,Region 6,RB OCAMPO - CTL TELMEX OCAMPO,LEON,
66,Region 4,RB Ojo Caliente - MSC Laredo,ZONA LAREDO,
59,Region 9,RB Ojo de Agua (TELMEX) - RB Zacazontla,ECATEPEC,
91,Region 1,RB Ojos Negros - BTS Diamante,ENSENADA,
77,Region 6,RB PAISANO GSM - RB SAUCITO,SAN LUIS POTOSI,
10,Region 7,RB Palma Sola - RB Instituto Tecnologico,VERACRUZ,
49,Region 6,RB PALMITA - RB DOLORES CHIDALGO,QUERETARO,
30,Region 4,RB Palmitos - RB San Bartolo,ZONA GUADALUPE,
6,Region 5,RB Parque Metropolitano - RB Guadalupe,FUENTES - VALLARTA,
72,Region 7,RB Parque Xicotencatl - BTS Xalostoc,PUEBLA - TLAXCALA,
3,Region 3,RB Paseo de la Victoria - RB Waterfill,JUAREZ,
4,Region 5,RB Paseos de Brise絪 - RB Palomar,FUENTES - VALLARTA,
153,Region 9,RB Pathe - CTL Telmex Acambay,TOLLOCAN,
27,Region 4,RB Pedregal - RB Cipreses,ZONA GUADALUPE,
58,Region 4,RB Pedro Mendez - RB Victoria,ZONA TAMPICO,
44,Region 3,RB Pentagono - RB Independencia,TORREON,
120,Region 5,Rb Pinar de la Venta - Bts Tesistan,PROVIDENCIA,
38,Region 5,RB Playa Azul - RB Pto L耿aro C痙denas,URUAPAN,
12,Region 1,RB Postal - RB Rio II,LOMAS,
77,Region 7,RB Presidente - RB  Renacimiento,GUERRERO,
21,Region 5,RB Primavera - RB Tecoman Centro,COLIMA,
73,Region 6,RB PROVIDENCIA - RB LAUREL,SAN LUIS POTOSI,
75,Region 5,RB Pto. Vallarta Versalles- RB Los Ramblases,VALLARTA - NAYARIT,
24,Region 4,RB Pueblo Nuevo - RB Pedregal,ZONA GUADALUPE,
117,Region 5,Rb Puerta de Hierro - Rb Villa Magna,PROVIDENCIA,
76,Region 5,RB Puerto Vallarta II - RB Los Sauces,VALLARTA - NAYARIT,
72,Region 5,RB Puerto Vallarta- RB Pto. Vallarta Centro,VALLARTA - NAYARIT,
88,Region 1,RB Punta Banda - CTL Bahia,ENSENADA,
22,Region 6,RB PUNTO VERDE - RB BRISAS,LEON,
15,Region 3,RB Quevedo - CTL Quevedo,JUAREZ,
24,Region 1,RB Quintas del Mar - BTS Huacay,LOMAS,
23,Region 1,RB Quintas del Mar - RB Rosarito,LOMAS,
9,Region 3,RB R. Perez - RB Chamizal,JUAREZ,
122,Region 9,RB Real de Toluca - RB America,POPOTLA,
112,Region 9,RB Reclusorio Norte - RB Acueducto,NEXTENGO,
46,Region 3,RB Reforma - RB Moctezuma,TORREON,
5,Region 7,RB Reserva Tarimoya - RB Rio Medio,VERACRUZ,
64,Region 3,RB Revoluci蚤 - RB Trevi絪,DURANGO,
84,Region 9,RB Rio de la Piedad Oriente - Zaragoza,NEZA,
76,Region 7,RB Riscos - RB Bella Vista,GUERRERO,
62,Region 3,RB Rodeo - CTL Telmex Rodeo,DURANGO,
14,Region 7,RB Ruben Jaramillo - RB Villa del Mar,VERACRUZ,
113,Region 5,Rb San Agustin - Rb Glorieta Maestros,PROVIDENCIA,
95,Region 9,RB San Antonio El Desmonte - BTS Residencial Plaza Las Torres,REVOLUCION,
29,Region 4,RB San Bartolo - RB La Roca,ZONA GUADALUPE,
68,Region 4,RB San Buenaventura - RB Sacramento,ZONA LAREDO,
29,Region 6,RB SAN CRISTOBAL - RB SANTA RITA,LEON,
30,Region 8,RB San Cristobal I - RB San Cristobal Centro,TUXTLA,
116,Region 9,RB San Esteban - RB Residencial Naucalpan,NEXTENGO,
48,Region 9,RB San Isidro Chalco - RB Santiago,XOCHIMILCO,
73,Region 4,RB San Jose - RB Peru,ZONA LAREDO,
124,Region 9,RB San Jose Del Jaral - RB Lomas de San Miguel,CUAUTITLAN,
100,Region 9,RB San Juanico - Nodo Chiquihuite,NEXTENGO,
50,Region 9,RB San Mateo Huitzizingo - RB Mixquic,XOCHIMILCO,
143,Region 9,RB San Mateo Mexicaltzingo - Metepec Centro,TOLLOCAN,
140,Region 9,RB San Miguel Apinahuizco - RB Nevado,TOLLOCAN,
59,Region 5,RB San Pedrito- RB Lomas de Tonala,TLAQUEPAQUE - BANDERAS,
36,Region 6,RB SAN SEBASTIAN - BTS TEPEYAC,LEON,
155,Region 9,RB San Simon El Alto - REP. American Tower,TOLLOCAN,
97,Region 1,RB San Vicente - Telnor San Vicente,ENSENADA,
46,Region 7,RB Sanctorum - RB Volkswagen,PUEBLA - TLAXCALA,
5,Region 5,RB Santa Anita - RB Palomar,FUENTES - VALLARTA,
59,Region 6,RB SANTA MONICA - RB SATELITE,QUERETARO,
92,Region 5,RB Santa Teresita - RB Tepic 2,VALLARTA - NAYARIT,
62,Region 9,RB Santiago Cuautlalpan - BTS Lomas de San Esteban,ECATEPEC,
13,Region 2,RB Sauceda - RB Arizona,HERMOSILLO,
86,Region 4,RB Seis de Enero - RB Rio Bravo,ZONA REYNOSA,
1,Region 4,RB Siembra - RB Lincoln,ZONA AN첻UAC,
3,Region 2,RB Sierra - RB Ejido,NOGALES,
8,Region 4,RB Sierra - RB Las Puentes,ZONA AN첻UAC,
38,Region 4,RB Sierra Madre - RB Margain,ZONA SAN PEDRO,
1,Region 7,RB Tecnologico - RB Opata,NOGALES,
27,Region 9,RB Tehuixtla - RB La Palapa,CIVAC,
58,Region 5,RB Tepatitlan - BTS Cerro del Carnicero,TLAQUEPAQUE - BANDERAS,
55,Region 9,RB Tepetlaoxtoc - BTS Chiconcuac,ECATEPEC,
88,Region 5,RB Tepic 2 - CLD Tepic,VALLARTA - NAYARIT,
89,Region 5,RB Tepic 4- Santa Teresita,VALLARTA - NAYARIT,
93,Region 5,RB Tepic Aviacion- CLD Tepic,VALLARTA - NAYARIT,
90,Region 5,RB Tepic- RB Tepic Aviacion,VALLARTA - NAYARIT,
94,Region 5,RB Tepic- RB Tierra y Libertad,VALLARTA - NAYARIT,
134,Region 9,RB Terrazas del Bosque - RB Lomas de Vista Hermosa,TK II,
54,Region 9,RB Texcoco - RB Joyas de Santa Ana,ECATEPEC,
53,Region 9,RB Texcoco II - RB Pueblo San Diego,ECATEPEC,
21,Region 9,RB Tezontepec - RB Las Delicias,CIVAC,
95,Region 5,RB Tierra y Libertad - CLD Tepic,VALLARTA - NAYARIT,
30,Region 7,RB Tlacomulco - RB Tlaxcala,PUEBLA - TLAXCALA,
47,Region 9,RB Tlalpizahuac - RB Santiago,XOCHIMILCO,
15,Region 1,RB Tomas Aquino - RB Rancho Alegre,LOMAS,
37,Region 3,RB Trabajo - RB Cueva,CHIHUAHUA,
77,Region 4,RB Trevi絪 - BTS San Juan,ZONA REYNOSA,
44,Region 6,RB TRINIDAD - RB NUEVO MEXICO,LEON,
9,Region 9,RB U. Hab. Teopanzolco - Cuernavaca Centro,CIVAC,
28,Region 1,RB Unidad Deportiva - RB La Mesa,R1- OTAY - T,
42,Region 5,RB Union - RB Morelia II,MORELIA,
49,Region 9,RB Union de Guadalupe Chalco - RB San Isidro Chalco,XOCHIMILCO,
25,Region 5,RB Uruapan Centro - MSC Uruapan,URUAPAN,
28,Region 5,RB Uruapan II - MSC Uruapan,URUAPAN,
50,Region 4,RB Valle Alto - RB Brisas,ZONA SAN PEDRO,
58,Region 9,RB Valle de Santiago - RB Ciudad Azteca,ECATEPEC,
46,Region 1,RB Valle Verde - RB Pipila,R1- OTAY - T,
18,Region 7,RB Veramiel - RB Virginia,VERACRUZ,
3,Region 4,RB Villa Alegre - RB Loma Linda,ZONA AN첻UAC,
15,Region 5,RB Villa de Alvarez - RB Lomas de las Flores,COLIMA,
36,Region 4,RB Villa de Sta. Engracia - RB Valle,ZONA SAN PEDRO,
4,Region 4,RB Villa Luz - RB Metroplex,ZONA AN첻UAC,
108,Region 5,RB Villas de Guadalupe - RB Mesa de los Ocotes,PROVIDENCIA,
62,Region 5,RB Villas del Nilo - RB Loma Dorada,TLAQUEPAQUE - BANDERAS,
16,Region 7,RB Viveros - RB Chapultepec,VERACRUZ,
114,Region 9,RB Viveros de la Loma - RB Gustavo Baz,NEXTENGO,
130,Region 9,RB Volcanes - RB Los Fresnos,TK II,
30,Region 9,RB Yecapixtla - RB A絪 de Juarez,CIVAC,
53,Region 5,RB Zamora 2 - RB Los Espinos,MORELIA,
54,Region 5,RB Zamora 3 - RB Los Espinos,MORELIA,
23,Region 5,RB Zapata - RB Ni絪 Artillero,URUAPAN,
30,Region 5,RB Zapata - RB Uruapan II,URUAPAN,
29,Region 5,RB Zumpimito - RB Uruapan,URUAPAN,
3,Region 5,RB/BTS Paseos de Brise絪 - RB/BTS El Sol,FUENTES - VALLARTA,
48,Region 3,RBS/BTS Pentagono - RBS/BTS Trevi絪,TORREON,
157,Region 9,REP. American Tower - RB Malinalco,TOLLOCAN,
156,Region 9,REP. El Maizal - RB Malinalco,TOLLOCAN,
60,Region 3,Rep. Telmex Chocolate - RB Sapoiz,DURANGO,
48,Region 7,Santa Anita - Santa Rosa,PUEBLA - TLAXCALA,
7,Region 6,SIDNEY-MORELEANA,ENLACE,
39,Region 7,Tenancingo - Covadonga,PUEBLA - TLAXCALA,
55,Region 7,Tonanzintla - San Andres,PUEBLA - TLAXCALA,
78,Region 6,VILLA DE REYES - CTL VILLA DE REYES,SAN LUIS POTOSI,
36,Region 7,Xicohtzinco - Zacatelco,PUEBLA - TLAXCALA,
